{
	"data":
	[
		{
			"name":"player",
			"hitPoints":3,
			"size":10,
			"maxVelocityY":5.0,
			"maxVelocityX":5.0,
			"type":"Player",
			"textureId":"player"
		},
		{
			"name":"LargeGreyAsteroid",
			"hitPoints":5,
			"size":30,
			"maxVelocityY":1.0,
			"RandomSpawn":true,
			"type":"Asteroid",
			"textureId":"lGreyAsteroid"
			
		},
		{
			"name":"MediumGreyAsteroid",
			"hitPoints":3,
			"size":20,
			"parent":"LargeGreyAsteroid",
			"RandomSpawn":false,
			"type":"Asteroid",
			"textureId":"mGreyAsteroid"
		},
		{
			"name":"SmallGreyAsteroid",
			"hitPoints":1,
			"size":10,
			"parent":"MediumGreyAsteroid",
			"RandomSpawn":false,
			"type":"Asteroid",
			"textureId":"sGreyAsteroid"
		},
		
		{
			"name":"EnemyBlack",
			"hitPoints":3,
			"size":10,
			"RandomSpawn":true,
			"type":"Enemy",
			"textureId":"EnemyBlack1"
		}
	]
}